{
  "secid": "HEAD",
  "last_close": 3318.0,
  "sma20": 3484.0,
  "daily_slope": -2.42107157,
  "projection_linear_next_5": [
    3213.8721,
    3211.451,
    3209.0299,
    3206.6088,
    3204.1878
  ],
  "points_used": 300,
  "generated_at": "2025-10-01T01:31:47.276515Z"
}